{
    "backgroundColor": [
        0.20000000298023224,
        0.20000000298023224,
        0.20000000298023224,
        1.0
    ],
    "currentValue": 100.0,
    "direction": "Right",
    "drawBackground": true,
    "gaugeColor": [
        1.0,
        0.0,
        0.0,
        1.0
    ],
    "maxValue": 100.0,
    "name": "HealthGauge",
    "position": [
        30.0,
        62.0
    ],
    "size": [
        128.0,
        25.0
    ],
    "visible": true
}