{
    "emitters": [
        {
            "colorOverLifetime": {
                "end": {
                    "max": [
                        1.0,
                        0.20000000298023224,
                        0.0,
                        0.0
                    ],
                    "min": [
                        1.0,
                        0.05000000074505806,
                        0.0,
                        0.0
                    ]
                },
                "start": {
                    "max": [
                        1.0,
                        1.0,
                        0.3499999940395355,
                        1.0
                    ],
                    "min": [
                        1.0,
                        0.44999998807907104,
                        0.05000000074505806,
                        1.0
                    ]
                }
            },
            "emission": {
                "bursts": [
                    {
                        "count": 64,
                        "time": 0.0
                    }
                ],
                "duration": 0.10000000149011612,
                "isLoop": false,
                "maxParticles": 256,
                "ratePerSecond": 0.0,
                "startDelay": 0.0
            },
            "initial": {
                "angularVelocity": {
                    "max": 6.0,
                    "min": -6.0
                },
                "direction": {
                    "max": [
                        0.0,
                        1.0,
                        0.0
                    ],
                    "min": [
                        0.0,
                        1.0,
                        0.0
                    ]
                },
                "directionMode": "shapeOutward",
                "lifeTime": {
                    "max": 0.8999999761581421,
                    "min": 0.4000000059604645
                },
                "rotation": {
                    "max": 3.141590118408203,
                    "min": -3.141590118408203
                },
                "speed": {
                    "max": 8.0,
                    "min": 4.0
                }
            },
            "motion": {
                "acceleration": [
                    0.0,
                    0.0,
                    0.0
                ],
                "drag": 0.10000000149011612,
                "gravity": [
                    0.0,
                    -6.0,
                    0.0
                ]
            },
            "name": "Sparks",
            "renderer": {
                "blendMode": "add",
                "sortMode": "none",
                "texture": "white2x2"
            },
            "shape": {
                "emitFromSurface": false,
                "radius": 0.15000000596046448,
                "type": "sphere"
            },
            "simulationSpace": "world",
            "sizeOverLifetime": {
                "end": {
                    "max": [
                        0.029999999329447746,
                        0.029999999329447746
                    ],
                    "min": [
                        0.0,
                        0.0
                    ]
                },
                "start": {
                    "max": [
                        0.18000000715255737,
                        0.18000000715255737
                    ],
                    "min": [
                        0.07999999821186066,
                        0.07999999821186066
                    ]
                }
            }
        }
    ],
    "name": "DefaultExplosion",
    "version": 1
}