{
    "colors": {
        "Button": [
            0.1256544589996338,
            0.1256544589996338,
            0.1256544589996338,
            1.0
        ],
        "ButtonHovered": [
            0.250980406999588,
            0.250980406999588,
            0.250980406999588,
            1.0
        ],
        "FrameBg": [
            0.1256544589996338,
            0.1256544589996338,
            0.1256544589996338,
            1.0
        ],
        "Header": [
            0.250980406999588,
            0.0,
            0.0,
            1.0
        ],
        "MenuBarBg": [
            1.0,
            0.0,
            0.0,
            1.0
        ],
        "Tab": [
            0.3921568691730499,
            0.19607843458652496,
            0.3921568691730499,
            1.0
        ],
        "TabActive": [
            0.3921568691730499,
            0.0,
            0.3921568691730499,
            1.0
        ],
        "TabHovered": [
            0.3921568691730499,
            0.0,
            0.3921568691730499,
            1.0
        ],
        "TitleBg": [
            0.0,
            0.09803921729326248,
            0.19607843458652496,
            1.0
        ],
        "TitleBgActive": [
            0.0,
            0.19607843458652496,
            0.3921568691730499,
            1.0
        ],
        "WindowBg": [
            0.03141361474990845,
            0.03141361474990845,
            0.03141361474990845,
            1.0
        ]
    }
}