{
    "colors": {
        "Border": [
            1.0,
            1.0,
            1.0,
            0.5026178359985352
        ],
        "BorderShadow": [
            0.0,
            0.0,
            0.0,
            0.0
        ],
        "Button": [
            0.1256544589996338,
            0.1256544589996338,
            0.1256544589996338,
            1.0
        ],
        "ButtonActive": [
            0.0,
            0.6274510025978088,
            0.0,
            1.0
        ],
        "ButtonHovered": [
            0.250980406999588,
            0.250980406999588,
            0.250980406999588,
            1.0
        ],
        "CheckMark": [
            0.0,
            0.6274510025978088,
            0.0,
            1.0
        ],
        "ChildBg": [
            0.0,
            0.0,
            0.0,
            0.0
        ],
        "DockingEmptyBg": [
            0.20000000298023224,
            0.20000000298023224,
            0.20000000298023224,
            1.0
        ],
        "DockingPreview": [
            0.25999999046325684,
            0.5899999737739563,
            0.9800000190734863,
            0.699999988079071
        ],
        "DragDropTarget": [
            1.0,
            1.0,
            0.0,
            0.8999999761581421
        ],
        "DragDropTargetBg": [
            0.0,
            0.0,
            0.0,
            0.0
        ],
        "FrameBg": [
            0.1256544589996338,
            0.1256544589996338,
            0.1256544589996338,
            1.0
        ],
        "FrameBgActive": [
            1.0,
            1.0,
            1.0,
            0.5026178359985352
        ],
        "FrameBgHovered": [
            0.250980406999588,
            0.250980406999588,
            0.250980406999588,
            1.0
        ],
        "Header": [
            0.062745101749897,
            0.250980406999588,
            0.062745101749897,
            1.0
        ],
        "HeaderActive": [
            1.0,
            1.0,
            1.0,
            0.0
        ],
        "HeaderHovered": [
            0.125490203499794,
            0.501960813999176,
            0.125490203499794,
            1.0
        ],
        "InputTextCursor": [
            1.0,
            1.0,
            1.0,
            1.0
        ],
        "MenuBarBg": [
            0.501960813999176,
            0.501960813999176,
            0.501960813999176,
            1.0
        ],
        "ModalWindowDimBg": [
            0.800000011920929,
            0.800000011920929,
            0.800000011920929,
            0.3499999940395355
        ],
        "NavCursor": [
            0.23244976997375488,
            0.3802734315395355,
            0.554973840713501,
            1.0
        ],
        "NavWindowingDimBg": [
            0.800000011920929,
            0.800000011920929,
            0.800000011920929,
            0.20000000298023224
        ],
        "NavWindowingHighlight": [
            1.0,
            1.0,
            1.0,
            0.699999988079071
        ],
        "PlotHistogram": [
            0.8999999761581421,
            0.699999988079071,
            0.0,
            1.0
        ],
        "PlotHistogramHovered": [
            1.0,
            0.6000000238418579,
            0.0,
            1.0
        ],
        "PlotLines": [
            0.6100000143051147,
            0.6100000143051147,
            0.6100000143051147,
            1.0
        ],
        "PlotLinesHovered": [
            1.0,
            0.4300000071525574,
            0.3499999940395355,
            1.0
        ],
        "PopupBg": [
            0.125490203499794,
            0.125490203499794,
            0.125490203499794,
            0.9411764740943909
        ],
        "ResizeGrip": [
            1.0,
            0.0,
            0.0,
            1.0
        ],
        "ResizeGripActive": [
            1.0,
            0.0,
            0.0,
            1.0
        ],
        "ResizeGripHovered": [
            0.9738219976425171,
            0.0,
            0.0,
            1.0
        ],
        "ScrollbarBg": [
            1.0,
            1.0,
            1.0,
            0.0
        ],
        "ScrollbarGrab": [
            0.501960813999176,
            0.501960813999176,
            0.501960813999176,
            1.0
        ],
        "ScrollbarGrabActive": [
            0.250980406999588,
            0.250980406999588,
            0.250980406999588,
            1.0
        ],
        "ScrollbarGrabHovered": [
            0.250980406999588,
            0.250980406999588,
            0.250980406999588,
            1.0
        ],
        "Separator": [
            1.0,
            1.0,
            1.0,
            0.5026178359985352
        ],
        "SeparatorActive": [
            1.0,
            0.0,
            0.0,
            1.0
        ],
        "SeparatorHovered": [
            1.0,
            1.0,
            1.0,
            0.5026178359985352
        ],
        "SliderGrab": [
            0.250980406999588,
            0.501960813999176,
            0.250980406999588,
            1.0
        ],
        "SliderGrabActive": [
            0.250980406999588,
            1.0,
            0.250980406999588,
            1.0
        ],
        "Tab": [
            0.125490203499794,
            0.250980406999588,
            0.125490203499794,
            1.0
        ],
        "TabDimmed": [
            0.125490203499794,
            0.250980406999588,
            0.125490203499794,
            1.0
        ],
        "TabDimmedSelected": [
            0.250980406999588,
            0.501960813999176,
            0.125490203499794,
            1.0
        ],
        "TabDimmedSelectedOverline": [
            1.0,
            1.0,
            1.0,
            0.0
        ],
        "TabHovered": [
            0.250980406999588,
            0.501960813999176,
            0.125490203499794,
            1.0
        ],
        "TabSelected": [
            0.250980406999588,
            0.501960813999176,
            0.125490203499794,
            1.0
        ],
        "TabSelectedOverline": [
            1.0,
            1.0,
            1.0,
            0.0
        ],
        "TableBorderLight": [
            0.23000000417232513,
            0.23000000417232513,
            0.25,
            1.0
        ],
        "TableBorderStrong": [
            0.3100000023841858,
            0.3100000023841858,
            0.3499999940395355,
            1.0
        ],
        "TableHeaderBg": [
            0.1899999976158142,
            0.1899999976158142,
            0.20000000298023224,
            1.0
        ],
        "TableRowBg": [
            0.0,
            0.0,
            0.0,
            0.0
        ],
        "TableRowBgAlt": [
            1.0,
            1.0,
            1.0,
            0.05999999865889549
        ],
        "Text": [
            1.0,
            1.0,
            1.0,
            1.0
        ],
        "TextDisabled": [
            0.5,
            0.5,
            0.5,
            1.0
        ],
        "TextLink": [
            0.1678956151008606,
            0.9162303805351257,
            0.6223815083503723,
            1.0
        ],
        "TextSelectedBg": [
            0.0,
            0.6274510025978088,
            0.0,
            0.3490196168422699
        ],
        "TitleBg": [
            0.125490203499794,
            0.125490203499794,
            0.125490203499794,
            1.0
        ],
        "TitleBgActive": [
            0.250980406999588,
            0.250980406999588,
            0.250980406999588,
            1.0
        ],
        "TitleBgCollapsed": [
            1.0,
            1.0,
            1.0,
            1.0
        ],
        "TreeLines": [
            0.4300000071525574,
            0.4300000071525574,
            0.5,
            0.5
        ],